{"racing_line": [[400, 400], [374, 359], [385, 354], [391, 350], [397, 351], [396, 351], [396, 351], [392, 350], [390, 352], [391, 352], [395, 352], [401, 353], [401, 352], [394, 351], [392, 350], [395, 350], [402, 350], [405, 351], [406, 351], [405, 351], [402, 353], [394, 353], [401, 353], [411, 354], [391, 353], [383, 355], [390, 353], [414, 355], [388, 353], [411, 354], [420, 357], [420, 357], [385, 355], [385, 355], [382, 355], [372, 360], [371, 360], [420, 357], [377, 358], [424, 359], [434, 367], [434, 367], [370, 362], [361, 371], [400, 400], [360, 372], [360, 372], [400, 400], [400, 400], [440, 375], [400, 400], [400, 400], [400, 400], [360, 425], [360, 425], [360, 425], [360, 425], [400, 400], [361, 428], [362, 429], [371, 438], [365, 432], [367, 434], [368, 435], [378, 442], [381, 443], [373, 439], [375, 440], [385, 444], [385, 444], [377, 441], [386, 445], [388, 445], [411, 445], [389, 446], [389, 446], [391, 446], [385, 444], [393, 446], [397, 446], [397, 446], [390, 446], [392, 446], [401, 446], [394, 446], [395, 446], [391, 446], [390, 446], [387, 446], [392, 446], [395, 446], [402, 447], [403, 449], [401, 447], [401, 446], [399, 447], [399, 447], [396, 448], [385, 444], [374, 440]], "speed_profile": [15.0, 15.0, 13.270557064572042, 11.108302820996638, 10.863149251204748, 10.203570251360228, 8.410229812569973, 8.410229812569973, 10.139672747997933, 10.882281671450967, 10.177803703564537, 10.837382703409055, 10.676511481724358, 10.676511481724358, 10.676511481724358, 10.67019994001918, 9.432331477697494, 9.432331477697494, 11.386543138172453, 10.378620729658971, 10.378620729658971, 11.804577591486522, 13.99207759148652, 13.053065783871046, 13.053065783871046, 14.060988192384528, 14.060988192384528, 14.060988192384528, 14.060988192384528, 15.0, 15.0, 15.0, 15.0, 15.0, 15.0, 15.0, 15.0, 15.0, 15.0, 15.0, 15.0, 15.0, 15.0, 15.0, 15.0, 15.0, 15.0, 15.0, 15.0, 15.0, 15.0, 15.0, 15.0, 15.0, 15.0, 15.0, 15.0, 15.0, 14.61011636599322, 13.235511761189603, 13.235511761189603, 13.235511761189603, 13.235511761189603, 11.996738647663252, 10.998751261034409, 12.373355865838027, 12.373355865838027, 12.373355865838027, 11.738219599802624, 12.976992713328972, 14.364863733964597, 14.364863733964597, 14.364863733964597, 14.364863733964597, 13.422542272260419, 12.408229334158765, 12.408229334158769, 12.408229334158769, 12.408229334158769, 10.803475889050679, 12.38093361679026, 12.486795985810865, 10.824125171614135, 8.805783519655538, 8.805783519655538, 10.410536964763626, 8.74546002711643, 9.653910596197473, 11.316581410394205, 13.3349230623528, 11.455626068439205, 10.463212639039076, 10.12536458827816, 10.12536458827816, 10.12536458827816, 10.125364588278158, 12.004661582191755, 12.997075011591885, 15.0, 15.0], "max_speed": 15.0}